ms.rachelle@gmail.com:Ahug4u2day ms.sarah.mc@gmail.com:3nicole23 ms.nesha14@gmail.com:Chontae1020 ms.kels.johnson@gmail.com:babyphat1 msawyer3@cox.net:Mantle536 msbartee30@gmail.com:greg1160 ms_shay_lo_007@yahoo.com:paije2001 msais@comcast.net:angels04 ms.mauryn@gmail.com:jaynaomi mrtlancaster@hotmail.com:aprilj20 mrwilford0708@gmail.com:antoine1 mrunusual@yahoo.com:milian23 mrv.bray@gmail.com:brayden12 ms.baberry@hotmail.com:carebear87 mrwmatthews92@yahoo.com:3152395w mryramos@gmail.com:cicero10 ms.brannon86@gmail.com:cc541002 msamandakwhite@gmail.com:aw124356 msharrellonline@yahoo.com:lovesnh1 mshoolan@gmail.com:johnd2407 mscook0221@yahoo.com:jimh9709 msfis77@gmail.com:sammy123 msjoannaallen@yahoo.com:cresent1908 msjilybean@gmail.com:tjf31902 mshoneybun27@hotmail.com:hugh1023 msimmons08@yahoo.com:george2446 msericah1@gmail.com:monique1 mschlosser69@gmail.com:bloodhound msclayson@comcast.net:berkley2 mschief54@gmail.com:louie364 mscala@comcast.net:sole2keila1 msearthwalker23@aol.com:harley23 msecor1966@yahoo.com:bar10der msdestiny17@yahoo.com:junior19 msarmstrong21@gmail.com:harlem89 mrsgingerbabb@gmail.com:june2787 mrsjackiefrazier@hotmail.com:gracy0900 mrsellsworth09@gmail.com:blackcat19 mrshermosillo@yahoo.com:e58bt511 mrslitchard@gmail.com:143jason mrslukebrown@hotmail.com:cuylerlea mrsjennyjones85@gmail.com:jmh100185 mrsevola08@gmail.com:brayerton mrsderf@comcast.net:tucker22 mrs.spence32@yahoo.com:eve12345 mrsayers14@gmail.com:piglet14 mrsadger25@gmail.com:elaine25 mrs.meg.smith@gmail.com:jonas3kate0 mrsbriley29@gmail.com:iloveme25 mrsbryant11051@yahoo.com:pleajur30 mrsangelaelliott@aol.com:austin07 mrschandler25@gmail.com:dthomas1 mrsmmcallister@gmail.com:macmac7374 mrspigi@hotmail.com:kyorochan mrsshakirarobertson@yahoo.com:dylan2005 mrsrichardson723@yahoo.com:jesus723 mrsrosario13@aol.com:loveme123 mrswolcott22@yahoo.com:Karina22 mrsvedaj@gmail.com:feb021522 mrsqkelly92.ak@gmail.com:quinton77 mrswilson32307@yahoo.com:ashtrav237 mrsschoop@gmail.com:phoenix822 mrspakle@gmail.com:h0biedog mrsneakmcsneak@gmail.com:aspartame mrsmorrison106@live.com:kevin106 mrsmommysamson@msn.com:12202002 mrspeterson9508@yahoo.com:spnez2b1 mrsredrosie@gmail.com:kickers10 mrspatterson20@gmail.com:modelman mrspatrick05@yahoo.com:logan1206 mtsavannah27@hotmail.com:earnest1 mtrbach@yahoo.com:chance22 mtrevino1978@gmail.com:dominic1 mtretick@comcast.net:Mike9374 mugbeme@me.com:poboski1 muffytx38@yahoo.com:nsw120786 muazzams@gmail.com:sjm456456 mudnmascara@live.com:Holla630 mtrahan22@yahoo.com:rachelle11 mtjohnson2@hotmail.com:tyshia01 mthave1@gmail.com:sw8ekd9k mtheodosopoulos@hotmail.com:jonnie01 mtbikeidaho@hotmail.com:portland1 mtnickels@gmail.com:euqf89234r mtown252@gmail.com:1townsend mtolstykh.1@gmail.com:masha2000 mtnewsham@cox.net:nicole01 muffinman007@gmail.com:magcleo123 munogab@hotmail.com:Superbat13 mulletov@gmail.com:tkdk1011 mullinxmas@comcast.net:passport mundienj@gmail.com:macadoo3 munsoniii@yahoo.com:8762usmc munzije@yahoo.com:victor19 munkyhale@yahoo.com:1nyoface munozcorina69@yahoo.com:gavino470152 munch123abc@gmail.com:spring05 mujahida81@yahoo.com:mahmoudi muffiebabie07@gmail.com:wendell85 muddmatt@gmail.com:samantha mugzly215@aol.com:stunt101 mullj414@gmail.com:mine0189 multiplemaninone@gmail.com:planowest mullicank@gmail.com:tanner88 muhammad.quran@yahoo.com:moneyman2 msthomas21@hotmail.com:t3278872 mstiggergrl04@yahoo.com:senior04 mssleenie93@comcast.net:abercrombie msstr1ckland88@gmail.com:str1ckland mstorie819@sbcglobal.net:derek819 mstribby80@gmail.com:uk4ever1 mstjohn65@yahoo.com:raider00 mstosten@gmail.com:12233221 mspears713@gmail.com:mason1994 mslynn7@gmail.com:reni7997 msmall71@comcast.net:sagerpl2 msjookgal@yahoo.com:moneym08 mslof@aol.com:4beatles msnitaly@gmail.com:snowquen msmwagner@comcast.net:Franklin1 msmandyanderson@yahoo.com:nowayman1 msmscott147@gmail.com:thescotts mstunner@aol.com:presty69 mtfalk64@hotmail.com:chipdale1 mtalbot1022@comcast.net:matthew22 mtelavsky@netscape.com:rudy4775 mtawney@msn.com:1974tree mteen0869@gmail.com:josiah07 mth@teamsamnet.net:admin2785 mtempleton22@gmail.com:jacobs22 mtgallizzi@gmail.com:mm985867 mtchll1216@live.com:youngs07 mswash10@gmail.com:jaedynz3 msunderstood200325@yahoo.com:ohreally msuperjustice@gmail.com:michael21 msurlp2010@gmail.com:kevin1205 mtanjutco@comcast.net:lexymeg0717 mtaylor40@comcast.net:123jaden mt69439p@pace.edu:whisler14 mtabreka@gmail.com:k3ndra06 mrs.sanderson@hotmail.com:guesspage motomulisha1@gmail.com:hotdog65 mouseh@gmail.com:goodness3 mottasroberto@yahoo.com:redred1414 moultry.cierra@gmail.com:jamari07 motocole2@gmail.com:kylee234 mousigirl_04@yahoo.com:bacardi7 mouse24468@Gmail.com:gigger68 moulton.angela@yahoo.com:tucker22 motorhead75@comcast.net:sdmf1313 mothertwo3@yahoo.com:margaret motherafrica27@gmail.com:2good4me motleycruefan@hotmail.com:dodges2004 motherbear9@gmail.com:babyisaac motogirly683@yahoo.com:yamaha386 motherlove1965@gmail.com:missyb65 mothertresa@gmail.com:imthemom motoguy66@comcast.net:jumphigh movethebubbles@gmail.com:nanny3343 mpcavazos@sbcglobal.net:august93 mpez13@aol.com:mjp08053 mpete_21@hotmail.com:college1 mpettengill12@gmail.com:arbor162 mpgzsp@gmail.com:faith1981 mpma03@gmail.com:stotan03 moxiejacks@gmail.com:babu3388 mpdunn2day2@bellsouth.net:Chloe123 mperez513@gmail.com:izayah08 movietoast@gmail.com:movies14 mousyiscool@aol.com:mouse1017 mowgwie01@gmail.com:shonen01 motogirl23@hotmail.com:savvy411 mpardoz@broncs.utpa.edu:MustanG65 mpconstruction@comcast.net:26922692 mpaapma@gmail.com:haleyle2 mpallotta3@comcast.net:19751975 moranillc@gmail.com:7704950255 moranbird1218@yahoo.com:dalejr08 mooreofthis@yahoo.com:asterisk22 moorhe11@msu.edu:Francis11 morganleto@yahoo.com:izzy2828 morganlashea@yahoo.com:LaShea16 morganspiker@gmail.com:grace143 morganparks@u.boisestate.edu:saxowave1 mopandbucket1010@gmail.com:tamachan1 moonstonemist@msn.com:i0ann0u1 moosmiller@gmail.com:kleinigkeit mooradmooradian@yahoo.com:mmooradian moosey4k@hotmail.com:pandas01 mopierre7@gmail.com:kennis77 morales.angel.r@gmail.com:angel0926 mooner01bg@yahoo.com:moonery1 mooshgann@aol.com:meghead69 mopdazzle@gmail.com:lemon411 moses088@comcast.net:cowboy49 mosgirl062607@yahoo.com:keseanb1 mosajoelle@aol.com:faith777 moserthecloser@hotmail.com:m1ss1ss1pp1 mosulayman@gmail.com:nour1770 motherto3tns@aol.com:scippio1 mostoutspoken04@yahoo.com:lovelife08 motasito83@aol.com:vwkitty83 morrisseyjo@uwplatt.edu:hollister93 morgen_lefay@yahoo.com:powerof3 morktkvelden@gmail.com:42069666q morganjmeyers@gmail.com:01monkey morganj1978@gmail.com:december2002 morris.j@live.com:Morris12@ morronewvu@yahoo.com:fourkids04 moronskic@gmail.com:oilcity6 morris.jackie@yahoo.com:rosemann mrlevy75@gmail.com:cameron1 mrjamallewis@gmail.com:giovanni mrjrej@yahoo.com:IknowIcan1 mrlebowski79@gmail.com:shazam22 mrmrsphillips@yahoo.com:phillips mrobinson2714@gmail.com:myoutland17 mrkyblerr@gmail.com:9english mrmills08@yahoo.com:deezman1 mrkawright@gmail.com:thastunna1 mrheedoo@gmail.com:nevgenday mrhat44@gmail.com:paparoach1 mrfox916@gmail.com:emilie916 mrg3dit2002@yahoo.com:mangocouch94 mrjoelarcher@hotmail.com:1sol1sez mrjames77@hotmail.com:jasmine206 mrjabeztaylor@aol.com:gyamon23 mrivera6515@comcast.net:viewpoint mrmdmoore@gmail.com:599det14 mrs.garcia805@gmail.com:ag0402da mrs.causby@yahoo.com:madison3 mrpoole757@yahoo.com:jinrummy1 mrpontiac2004@gmail.com:fiero2m6 mrs.taitano@gmail.com:part1408 mrs_angela_cuddy@yahoo.com:jennifer mrs.larson2011@gmail.com:keylow1987 mrs.foust@gmail.com:Jimmy427 mrporterfield@comcast.net:reagan33 mrolyaie@msn.com:passmein mrodgptx@gmail.com:canorose mrodriguez6380@yahoo.com:man815uel mrosales89@gmail.com:madhouse369 mrping13@yahoo.com:drinkcoke mrpatjones@gmail.com:banjo3636 mrmeatman67@gmail.com:bogus357 mrpearrow@gmail.com:drexler22 mr.lamar@ymail.com:alivia23 mr.srobinson@netzero.com:sixsixsix9 mr.irish.grey@gmail.com:badboy01 mr.kaleb.jacobs@gmail.com:blakeel1 mr_ray_austin@yahoo.com:austin92 mraaronwebb@gmail.com:alyson31 mr.eltalley@gmail.com:talley05 mr_niceguy_mdh@yahoo.com:porkchop mr.black.n.yellow@gmail.com:winner32 mpoppins23@hotmail.com:nathan09 mpride89@gmail.com:volleyball4 mpoplaski@gmail.com:balance2000 mpollard@usa.net:kristina0 mquarter@yahoo.com:DorisJ65 mquerin@uci.edu:auleookn mppd220@gmail.com:godf1rst mpruitt30@gmail.com:gateway29 mr_kenny_cruz@yahoo.com:mudkip123 mreynolds313@hotmail.com:merirene mrf0628@gmail.com:llabesab mrdavidas@gmail.com:12avid89 mrenee825@aol.com:halsey22 mrfaisalus@gmail.com:1371desi mrfixitinreno@yahoo.com:BABS5000 mrelicooper@gmail.com:xsw321qaz mrfisette@gmail.com:weare138 mrdarts852@gmail.com:t852852t mramsey@noria.com:78005853 mrcamel@gmail.com:zigzag78 mrandmrscarter09@gmail.com:april1109 mrana777@yahoo.com:automan123 mrbowlby@indiana.edu:thejimmer mrdcorner@aol.com:elizabeth mrbunglebone2@yahoo.com:thesims2 mrcommitted@gmail.com:edhardy12 muppetbaby31@gmail.com:tyler927 nastasid@yahoo.com:wtfits13 natalee.miller@gmail.com:NHmath08 nassanojd@gmail.com:josh2000 nastrathomas144@aol.com:456crack nataliepierce88@gmail.com:natnat464 nataliehouin@gmail.com:bizkut69 natalie200902@yahoo.com:Alex2012 natalie82576@gmail.com:purple69 nasirs.shuja@gmail.com:blobbies nareshchunduru@gmail.com:chunduru nasesdavis@gmail.com:shanshan nannylovesme@hotmail.com:ashley22 napalm71@hotmail.com:wicked666 nasrieen@gmail.com:nas112086 nasrinshakib@gmail.com:yaimam12 nashpranks@gmail.com:j88hrtfb nasirsalim@gmail.com:ns980560 nataliephillips03@hotmail.com:natalie1 nate22breneman@yahoo.com:Princess2 natebake88@gmail.com:helljumper natashahenderson@newwavecomm.net:daycare1 natashacrljen@gmail.com:bosnian3 natemonteil@gmail.com:nate1954 natecormier@gmail.com:1ofakind natedizzle2009@live.com:stuntin88 natehogg5@gmail.com:middle05 natasha22202@yahoo.com:2oranges natalyaparker@ymail.com:Happyb83 natalkakrvs@gmail.com:dentist24 nataliesoto@hotmail.com:sailboat nataly1226@aol.com:hotgirl5 natasha_boone1785@yahoo.com:case2670 natasha_75_76@msn.com:dogbreath1 natasha.pickett@gmail.com:makakoa5 natasha.star@gmail.com:8701tasha names.angelus@gmail.com:staind83 names.ren@gmail.com:fud4thought nala0806@yahoo.com:kitt3267 nallelyavila06@gmail.com:melody06 namnoc_j@yahoo.com:thir13en namnguyen1992@yahoo.com:hoangphihong namnis@hotmail.com:breianna nametabl@gmail.com:tuestfou nalanis83@hotmail.com:eduardo05 nakiahillsman2001@yahoo.com:tanea311 nakiawil@yahoo.com:amiyah16 najustin@unca.edu:Orion0108 najmad@gmail.com:Upurple2 nakkiadk@aim.com:eric1207 nakosha3@yahoo.com:april31983 nakiastevens007@yahoo.com:babyboy2007 nakishamullen@yahoo.com:nm081706 nana4dev@yahoo.com:14devin2 nancyz849@comcast.net:balanced1 nanirod22@hotmail.com:075900nj1 nancykiss2@gmail.com:jan312011 nancypants77@gmail.com:monkey77 nandox_dom@hotmail.com:zvfp9xxx nannyvan@comcast.net:Monacelli1! nannasaw@gmail.com:david420 nannahbanana619@aol.com:love9132 nancycarrasco10@yahoo.com:112984nc nanas3311@yahoo.com:march1997 namkhoung@gmail.com:145100kk nanabaz@gmail.com:4everhis nanareinhardt@gmail.com:nr120489 nancyashcraft@sbcglobal.net:twoshoes nancy206@tampabay.rr.com:nanny206 nanalou75@comcast.net:dietrite nancyace0926@yahoo.com:rabbitt7 nchealy@gmail.com:chickens nck_razo@yahoo.com:baller15 ncfwesb08@gmail.com:marlboro1 ncharisma7@gmail.com:teacher6 ncminer@gmail.com:af11fatm ncprintz@yahoo.com:123enter nchurts5@carolina.rr.com:volunteers nckersey@gmail.com:dempster1 ncb417@gmail.com:rybee1008 nbeslinger@comcast.net:july262003 nbolson@mwt.net:logan2005 nbabballer23@gmail.com:jackie23 nbeacham@gmail.com:ccdg999J ncaudill02@hotmail.com:hunter42 ncatanza@gmail.com:ossified88 nbriscoe@aol.com:july1949 ncarlson1981@gmail.com:mackenzie ncravensgirl@gmail.com:angel9654 ndmoe@yahoo.com:getm0ney neal521@aol.com:luckycat1 ndreynolds@gmail.com:Bauer4pres ndsisuv@hotmail.com:trouble69 nechama1022@gmail.com:posen333 nearhoodk@comcast.net:soccer14 nealdoerner@hotmail.com:monkey77 neal.zach@gmail.com:superman74 ndodgers57@aol.com:bama7401 ncurbean@gmail.com:natfast77 ndagan10@wou.edu:N.28sara nclumbee10@gmail.com:graham11 ncurran7@sbcglobal.net:patrick7 ndemerath2@new.rr.com:buddy1386 ndeborah53@aol.com:timothy15 ncwlms@aol.com:191218nw ncsd2010@gmail.com:3369892352 nathaniel2297@gmail.com:katie3081 nathantoddwright@gmail.com:motabt64 nathaniel.martin21@yahoo.com:catfish88 nathanjohnson85@gmail.com:csbsju85 nativefan@yahoo.com:pensink91 natjk88@yahoo.com:school88 natikaburton@gmail.com:rnin2002 native2mtns@gmail.com:7Mountainmen nathan_dereje@hotmail.com:nathan360 natewebb92@aol.com:Nicole11 nathan.pollatos@yahoo.com:np726459 natepope@gmail.com:matthew1 naterpater09@yahoo.com:sonofgod2009 nathanawhite@gmail.com:canisius101 nathanbowman90@gmail.com:nabhead90 nathan25871@yahoo.com:zoolaphane1 nathan_lucier@yahoo.com:2468mymy natnat643@gmail.com:nahtan12 navygrrl@gmail.com:stinky94 naynay14990@yahoo.com:thomas07 natwillis23@gmail.com:fatman85 navyblue_dixiy@hotmail.com:spamman13 naynay_c@yahoo.com:naynay1964 nazco23@gmail.com:gillgill nawmusic411@yahoo.com:499949056 naynay481@yahoo.com:moosie101 navcriminal@yahoo.com:mr061804 nato2183@yahoo.com:draftsman1 nattyg10@gmail.com:MadNat10 natoshiawilliams@att.net:kahniya08 natshall5@yahoo.com:Hall0648 naturalca@hotmail.com:T8929145 naturallyerika@gmail.com:zane2003 natty5781@gmail.com:natsto25 natt99@hotmail.com:djross88 nakedsunproductions@gmail.com:willow07 my2dudes62@gmail.com:feetie62 my4boysmom@gmail.com:bestmom4 my.2010.camaro.dt@gmail.com:jackets73 my112honey@yahoo.com:honey112 my3monkeys@carolina.rr.com:aidenlee0224 myalaok@ymail.com:Baker1230 my1voice@yahoo.com:yodacat54 my3babybears@yahoo.com:may41999 mwsweetman@comcast.net:99461120 mwark0218@gmail.com:218bryan mwcable@msn.com:m1thrand1r mw152007@ohio.edu:rekluw507093 mvtrail@yahoo.com:cobie1214 mwilliams79@gmail.com:titans27 mwollke@gmail.com:bond1482 mwagner@knology.net:mandi110 mwinders@toi-health.com:angel1020 myatlantamommy@gmail.com:alexander342 myhre_k@yahoo.com:steven0911 myjortess59@aol.com:ellielynn myersj3@winthrop.edu:tarheels1 mygirl1978@gmail.com:shihtzu5 myke.cell@gmail.com:taking360 mykinys@yahoo.com:iloveyou4 myjhc@aol.com:joihope3 mykel7347@gmail.com:tigers73 mygaccountmail@gmail.com:dtgm1919 mydestn4@yahoo.com:bobbyc32 mydecember13@hotmail.com:hulkamania myalgebra@gmail.com:sawubona mycar03@hotmail.com:ge2341tt mydogrules7@yahoo.com:1111aaaa myavon.scobb@gmail.com:785shmqn53 myashley@care2.com:single25 myers0808@yahoo.com:0808Myers murphy12220@hotmail.com:makayla8 murrayhockey34@hotmail.com:alta0203 murrakr@gmail.com:shkspear murraylucasw@gmail.com:lm0406910 murtaza_ayaz@hotmail.com:Sarah2009 murphy.matt1@gmail.com:Billabong.77 murrays5@comcast.net:neelloc4 murphy7983@msn.com:Creeper1 murdock.travis@gmail.com:revolution mureliza@gmail.com:lktso9pr muriel.smith11@gmail.com:fcilnmw1! murdenbb@yahoo.com:chipping50 murdockjen@yahoo.com:dlaw4life murphk10@uwosh.edu:soccer14 murin.mark@yahoo.com:arizona1 murp9727@bears.unco.edu:Murphy40 murisajacques@yahoo.com:sunshine08 musicbyfaceoff@gmail.com:jadakiss1 muzikenergy@yahoo.com:Pfflyer83 mutter9905@msn.com:billy2004 mutone00@yahoo.com:mutone00 musticky1@yahoo.com:neji1234 mvmonson@gmail.com:09097525 mvn76@comcast.net:virginia123 mverburg@uncc.edu:mukatiger mviera70@comcast.net:maria314 mustangman144309@msn.com:Stephanie1 musiqman10@gmail.com:tuba2010 muskhan93@gmail.com:saspurs21 musicboi522@gmail.com:baller522 musiclover77@gmail.com:newsies1 mustangbt@comcast.net:capecod44 mustagh@gmail.com:8letters musicmaniac06@gmail.com:.ultimate mustang_love07@yahoo.com:dg063089 na_vwj@hotmail.com:Arianna01 n_lindstrom@verizon.net:101003nm n_melton@sbcglobal.net:melton101 n_culley97@yahoo.com:nathan123 n81599@comcast.net:nate1599 na.rahat95@gmail.com:rahat123 na_ta_shawww@yahoo.com:Adkins06 n_parsons@q.com:nancy1965 n_iven@yahoo.com:angel123 n.castanon1@gmail.com:norma5150 n.alvarez390@gmail.com:ihatenic3 mzray2000@yahoo.com:reilly01 mzladie577@yahoo.com:aedwards1 n2r6@yahoo.com:normadavis n0schoe@gmail.com:nicole182 n.dominguez89@yahoo.com:Tink1124 n00b310@gmail.com:19891993 nacswimmer007@gmail.com:1swimmer nahi15@hotmail.com:nh0214nh naguiar@comcast.net:p0rtugal nagrarok2007@gmail.com:cheyenne nage0112@umn.edu:act1vat3. naiishaborja@yahoo.com:naposha79 najimadesigns@gmail.com:happyone naileahnunez23@gmail.com:112592me nahowell@comcast.net:botw0401 nagemnire2@gmail.com:tickh1ll nadyavela85@gmail.com:mickey85 naddykinz@hotmail.com:naddy1980 nadalsky@charter.net:Robbie1990 nadine_landon@hotmail.com:22pauly22 naehart@yahoo.com:giovanni nag.subhadeep@gmail.com:POTTER1991 naea44@gmail.com:josyhia12 naelvsnfg003@gmail.com:justin82 myra.atienza@gmail.com:tamims0504 mymema@comcast.net:angel1982 myownwoman1@aol.com:Flemming1 myrenpp@gmail.com:number15 mysticfirefly@gmail.com:beethoven mysticalniterose65@yahoo.com:may72106 myslowdeath666@aol.com:cjrc32506 mystical2678@yahoo.com:serena99 mylivingeulogy@yahoo.com:diablo13 mylifeisamiracle0412@gmail.com:Angels0412 mylvsr3@aol.com:hotrod4me mylesmuck@yahoo.com:rehab420 mylesjwatts07@gmail.com:bamaboi07 myoder12@gmail.com:Paisley719 mynameiscass@hotmail.com:nonpoint mymediapastor@gmail.com:avagrace07 mynameisdenise@gmail.com:masonj0926 mysticvhedd@yahoo.com:kenshin12 mywritteninthesky@gmail.com:3Pookie3 mzkhay@gmail.com:allmine99 mystikalmother@hotmail.com:l0vedtwice mzdeejah@gmail.com:taslimah95 mzramos88@yahoo.com:maddie21 mzora341@sbcglobal.net:kisses8585 mziggidy@gmail.com:Holland1 mzmathers5@comcast.net:eminem01 mzchon9@gmail.com:independence myth36@gmail.com:Lolcool1 mystkshdw@gmail.com:MnWn8h8r mystikblue03@yahoo.com:maps1108 myswagger30@yahoo.com:xavier2007 mzbytch2u@comcast.net:bonehead mzcaramel1993@gmail.com:neshaboo1 mz.tyeeluh.t@gmail.com:ty33luht mzbetty84@gmail.com:boopster84 mimisam@comcast.net:ashton24 minion772002@yahoo.com:shadow77 mindsurfer101101@comcast.net:emptyman mine.dog.daigle@gmail.com:feb21331 minor12549@yahoo.com:godzilla minnie2meno@yahoo.com:bella123 mingkelting@gmail.com:2boatkid ming7464@gmail.com:yram1234 minhhuynh35@yahoo.com:jasminhlee mindylopeman@gmail.com:6794846a mindys84@optonline.net:tigercat mindy.cawley@gmail.com:mabel3389 mindofarock@yahoo.com:joeblack mindyannw@yahoo.com:adison9911 mindyjensen@hotmail.com:mnmj9696 mindylou07@gmail.com:lokiboy1 mindylortiz@gmail.com:abraham6 minortamika@gmail.com:fatdaddy3 misd196@aol.com:people4869 mishelswalo@hotmail.com:chocolate mirzaimaryam@gmail.com:maryam93 mirian.aq@hotmail.com:imsweet2 miskathy115@gmail.com:kathyana115 miriamcervantes@live.com:951991mclol misery_poe@yahoo.com:rekdid90 misharene@hotmail.com:technics22 mis_ninoslosamo4@yahoo.com:miamorjuan1 miplantadenaranja@hotmail.com:lima1982 miraidisg@yahoo.com:alexis21 minoltab@gmail.com:bullbutter mira.elliott@gmail.com:oaktree7 miriame49@hotmail.com:luckymec minter_sharon@yahoo.com:2educate miraiyori79@gmail.com:Cdog1122 miresha@okstate.edu:nuX3nrAb millbrown2@yahoo.com:344749984 miller.k.ryan@gmail.com:Tuesday1 mil02003ster@gmail.com:sm117878 millec4@rpi.edu:bonniec2 miller.d928@gmail.com:10019788 millerannlisa@gmail.com:friends88 millercl88@gmail.com:miller88 milika.hopoi@gmail.com:mate4tonga milkpailsweet@gmail.com:zane1384 milesdavidallen@gmail.com:chloe239 milesbran30@yahoo.com:18830success milamccune18@gmx.com:nick0214 milenaramosa@hotmail.com:s12m08r74a milissaistaken@gmail.com:my3girls mikunjjoshi@hotmail.com:G0indias miles.sales@gmail.com:joijoi67 milestoneprod@yahoo.com:kamikaze millers_audio@yahoo.com:toothless milotisma@gmail.com:serbia223 mimish20@hotmail.com:letroy22 miltyterzis@gmail.com:m36e36tn millionairestateofmind@gmail.com:mario1985 min.wendt@gmail.com:babies1997 mindy_underwood@sbcglobal.net:smile6964 minababu@gmail.com:sairam99 mindart2002@yahoo.com:johnny5864 miltown@gmail.com:milwaukee milliardou@yahoo.com:cqjh5hcy millern21@hotmail.com:natashja millervilleutah@msn.com:742kerogen millermr53@gmail.com:wrangler53 millz718@aol.com:millz718 milton.susie@gmail.com:greeneggs2 millermd1@hotmail.com:shopping millwright.ballard@gmail.com:lorenloren2 missywaycaster@gmail.com:clayjcjesse7 mistagilmore@yahoo.com:M2teoyo1 missy.jennings406@gmail.com:maj@20702 mista_bee@hotmail.com:strong21 misti_ellis@yahoo.com:qzie4pnb missyw24@hotmail.com:auburn4me missylou57@gmail.com:callieann1 mistey.case@yahoo.com:woobie0027 missyolita@aol.com:martinez1 misssmestrada@yahoo.com:loveyou2 misstishxoxo@yahoo.com:lovinme07 missjlyn.84@gmail.com:couture5 missssparkman@yahoo.com:s19801980 missleek203@gmail.com:mame110788 missydre@comcast.net:keyann33 misstasha126@gmail.com:50thousand missyapril2010@gmail.com:welcome1 misterstix00@hotmail.com:moneys00 mitchbeckstead@msn.com:fbina193 mistyv1321@gmail.com:cheyann1321 mistydelin1001@yahoo.com:alma1001 mitchear@msn.com:alm2244810 mistygreen@comcast.net:rocket86 miteshpatel00@gmail.com:mitman911 mitchellaris@yahoo.com:khyree12 mitchellkerfeld@creighton.edu:020791mk mit14.hs@gmail.com:hes102999 mistyfisher81@gmail.com:falyn4me mistymink@gmail.com:patterson28 misticfire30@yahoo.com:6868711m mistycooke445@yahoo.com:misty445 mistydempsey1@yahoo.com:stopbike miszbeautiful@gmail.com:sexlover1 mistik30@comcast.net:mother23 mistyortiz565@gmail.com:931gherrera missentice2000@aol.com:mother1417 missfroggy6@aol.com:sampson69 missangie414@aol.com:shawnna1 misse.evans319@gmail.com:deshae28 misserzzyayo@yahoo.com:lokiita1 missjenn07@yahoo.com:pickel02 missdragn@aol.com:angel111 missdaisie_000@yahoo.com:goaway00 missbee544@gmail.com:ricky143 miss.npo@gmail.com:blessed1 missaleksandrad@gmail.com:puddinpop85 miss102280@yahoo.com:bub113099 miss_kris_11@yahoo.com:2*Kijkl2 missalicia78@yahoo.com:fraggle1 miss.scheer@gmail.com:gyeah6969 miss_jackson43204@yahoo.com:halfpint miss_alexis10@yahoo.com:broward2 missjanelle91@yahoo.com:jlf92291 missmcgee21@gmail.com:zachary1 misspontoriero@gmail.com:rp041180 misslaurenjones@gmail.com:senior04 misslilhula@gmail.com:isaiah1011 missmandie9@gmail.com:dominick1 misstasha2621@hotmail.com:5945tiny missmarj.hss1@gmail.com:jetblue4 missshelle82@gmail.com:mlp11797 missmeganbrianna@gmail.com:maemae13 missionpb@hotmail.com:missionary misskbryant@hotmail.com:8lakers8 missjune_783@yahoo.com:1uknguess misskgraham@gmail.com:batman13 missmisty26@hotmail.com:popt9388 missmommy2be@gmail.com:cherries21 missgrove@yahoo.com:braxton1 misslastsong@yahoo.com:fucktheworld milani_ann@hotmail.com:enero377 michillilwilli@gmail.com:froggies mickeys2663@hotmail.com:mickeys1 mickey78@comcast.net:chassie99 mickelpicco@gmail.com:boston33 mickeydutchie@yahoo.com:kusco783 mics7277@yahoo.com:mics3015 midas.sohn@gmail.com:donnie88 micky1232000@gmail.com:pasha123 mickell08@gmail.com:srt4srt4 michelleversetto@yahoo.com:Mverse5346 michellerupp92@gmail.com:leachim1 michellem469@gmail.com:idrjai0209 michellemariereal@hotmail.com:naomi222 michihbickham@gmail.com:jas1leen michia@comcast.net:Angelo98 michellewillingham1@yahoo.com:austin1981 michtalk88@gmail.com:leyla0812 mickeybennet@gmail.com:yt1300mf mik2o04@yahoo.com:mjp112583 mikacochrum@gmail.com:brcmdn07 miguelfernandez03@gmail.com:cruiser271 migsfml@yahoo.com:salgado1 mikal.w210@gmail.com:eku101088 miguelgrinnell@yahoo.com:newguy77 miguel22_hot@hotmail.com:b7by0fy4 mikalike05@gmail.com:spook1823 miguel143628@hotmail.com:rosado26 micmldn@aol.com:kelsey26 micsripd52@yahoo.com:aubrey21 middleburg07@yahoo.com:april81989 mickidz@live.com:hkddtwsla3 mielecki@bright.net:michelle24 miele0234@gmail.com:domenic1 migdaliasebren@gmail.com:rocket99 mifrazier316@gmail.com:soldja316 michaelnewell1984@gmail.com:envision21 michele.daniels@gmail.com:mld1781 michele.larabee@horizonair.com:Jeffrey1 michele2183@yahoo.com:alyssa77 michele.nixon@hotmail.com:47million michelle.binion@gmail.com:cmmoth21 micheledurrani@yahoo.com:evita786 michelehayes393@gmail.com:alexisr5 michealmackey@gmail.com:87spades michaeltucholka@yahoo.com:condanon michaelpckl@hotmail.com:edward11 michaelsaint80@aol.com:toddsbignuts michaelstowing.214@gmail.com:bosshogg7456 michaelpeele@ymail.com:terrelll michale@yahoo.com:trustn01 michaleen.craig@gmail.com:rjlelwjtl michaelwilliamconrad@gmail.com:3bretton michelestarivy@yahoo.com:mma197930 michellehale65@yahoo.com:buster0828 michelleknp@gmail.com:gizmo2006 michelledover@gmail.com:chio1002 michellegramirez@gmail.com:mr651983 michellem14@gmail.com:annie123 michellemickeyray29@gmail.com:lynetta1 michelle.wilhite@gmail.com:mich3ll3 michellekhan786@gmail.com:winter22 michellechadwi@hotmail.com:mlc200377 michellbixler@gmail.com:surferj0e michelle.l.mcclure@verizon.com:ashley92 michaelmcclenney@att.net:drum5752 michelle.hess_2011@yahoo.com:mike@me2 michelleandgirls@yahoo.com:penchair25 michellebarrett09@ymail.com:Mitchell1 michelle_6624@yahoo.com:id0ntkn0w michelleathickman@gmail.com:jmc61164 mikenmeg@charter.net:monkey69 mikemc1983@gmail.com:dustin97 mikemorales529@gmail.com:022103mm mikemenace19@gmail.com:bethann1021 mikeotn@ameritech.net:2425minch mikepd10@gmail.com:suncom99 mikepalmer22@hotmail.com:marissa1 mikep2478@aol.com:white00z mikelaurel29@gmail.com:jake9you mikelink4@hotmail.com:Leaphat7 mikehess10@gmail.com:erpel123 mikecolumna@gmail.com:fordbronco2 mikejmattson@gmail.com:peanuts4! mikelly_bigwhip@yahoo.com:bebe1207 mikemike89_99@yahoo.com:lilmike89 mikeheatherwilson@yahoo.com:tinypants mikelford17@gmail.com:bootlegg17 mikespeck@hotmail.com:korn1999 mikeso1988@gmail.com:2lilgirls mikitta_smith@yahoo.com:111280ms mikey19scorpio@gmail.com:morris10 mikewillfix@comcast.net:phompher1000 miketroisi4@gmail.com:crossfit08 milanaaraya@yahoo.com:barbie69 mikreta@aol.com:Trophy25 mikris23@gmail.com:k05l21g87 mikewwas@yahoo.com:asdfasdf mikesimmons9250@gmail.com:Simmons1 mikerosas30@gmail.com:adalise4 mikesanford77@gmail.com:mike9977 mikesimp40@comcast.net:brandon1 mikevillas@msn.com:jaminben mikeyaj28@aol.com:kirkland2 mikepahl@gmail.com:tommyboy mikethemovieguy@gmail.com:sergio12 mike7green@yahoo.com:makaveli7 mikeabel86@gmail.com:microm86 mike_imborne2@yahoo.com:patriots mike_shay1985@rocketmail.com:2children mikeamoore@comcast.net:gun04ter mikeandammy@gmail.com:dizzy123 mike_kelly@comcast.net:nyny2222 mike965@gmail.com:engine44 mike_23_diaz@hotmail.com:nissan350z mijuan214@yahoo.com:gracious1 miiss.dgaf@gmail.com:iluvtoast9 mikaelafalwell@yahoo.com:fernguy1 mikangel210@gmail.com:dgut1987 mike031704@gmail.com:cadyn345 mike1lakers@gmail.com:theshit1 mike.meridianchurch@gmail.com:lanovia17 mike.looney56@gmail.com:dck67801 mikeandyun@yahoo.com:yunchung mikeevans12@gmail.com:blitz425 mikehawkins@comcast.net:hawkeye1 mikehill72@msn.com:kingpin72 mikeh@grandecom.net:logan001 mikeengland1@yahoo.com:8763scrn mikehwang521@gmail.com:snowball2000 mikedc21@msn.com:m24582458 mikeg90805@gmail.com:gregwilly1 mikeedsel2@yahoo.com:bday1988 mikeclawson2323@gmail.com:jimmy2323 mikeclemons20@gmail.com:Targus00 mikebsr@comcast.net:joshua11 mike_pagli@yahoo.com:pagli012 mikeeldo@aol.com:brewster mikebenavente@gmail.com:mcbutt12 mikedeemitt5@gmail.com:mitty4801 mikeandmaryfrey@hotmail.com:d19761981 mixed44@yahoo.com:christmas moley81@aol.com:em062552 molsen79@hotmail.com:mathewbo mollifiedamok@gmail.com:biteme1! mollyrmanning@gmail.com:urmomis2ghey momclaudie@yahoo.com:blackmom1 momepperson@gmail.com:Alicia98eva mom143637@yahoo.com:1Martina mom_of_leinarts@yahoo.com:hth238gr mojoboyyea@yahoo.com:mojoboy08 mohamed4801@gmail.com:Simsim10 moja102088@yahoo.com:mylove21 mohawkrk@gmail.com:777ariel mohmedhira@yahoo.com:silver12 mole2984@yahoo.com:samacola21 molly.laker@gmail.com:niko9633 mokid1985@aol.com:4me2know molliemb@yahoo.com:gigemags momill79@hotmail.com:curtis78 momof3onthego@msn.com:mouse3008 momof3scouts@gmail.com:my3scouts mommyriley@gmail.com:1loserfan mommy_meyer_2@yahoo.com:sugarbear69 momof3lovesgames2@yahoo.com:vedaruth mommybug414@comcast.net:manatee22 momof20609@yahoo.com:Cheyenne0609 momofaletka3@gmail.com:3kidzmom mommietole@gmail.com:bd8180282603 mommavogel1108@gmail.com:love0927 mominlv82@yahoo.com:steven03 mommabragg@gmail.com:tiffany1 momma.t.rex@gmail.com:nyckolus2 mommy4ever86@gmail.com:jeteryank286 mommymickey@gmail.com:eden1023 mommy0517@gmail.com:mandm0517 mommy336@hotmail.com:jerimya336 mnr2wilhelm@hotmail.com:roxy61103 mnshark12@yahoo.com:sharky12 mnlucas@yahoo.com:ryan1358 mnp_vanpelt@yahoo.com:van6love mo2mema@yahoo.com:christian mo_redheads@yahoo.com:mckenna1 mnrhode@hotmail.com:willis19 mo4eva@gmail.com:julian01 mnmeqbuzz@aol.com:Octavia3 mnisbett2@gmail.com:80321221 mnihan@comcast.net:furface44 mnguy013@gmail.com:zero1485 mnhagans89@hotmail.com:tweety2000 mnbus10@yahoo.com:drewbledsoe mnicoleberner@gmail.com:berner05 mnj0620@comcast.net:jadynspar mnl.strode@gmail.com:secret56 mntrevin@bcm.edu:Morgan05 moedaddy70@yahoo.com:elmore4lyfe moelynn79@aol.com:mozeika1 modebyji@gmail.com:jan12370 modelt1@windstream.net:tsanders moerogers@gmail.com:david913 mohamade313@gmail.com:xuan2369 modru2004@gmail.com:yda3bontq moebes78@hotmail.com:aries1978 mocha261@yahoo.com:CH9985ch mobgmusic@gmail.com:mobg2007 moca_82@yahoo.com:evette82 mnvz@comcast.net:lissanicole mobius624@hotmail.com:4654ella mocachino290@hotmail.com:olivia05 mochamae@gmail.com:yellow69 mobynick01@gmail.com:number20 mocha6565@gmail.com:atalya65 monster122122@gmail.com:ipodtouch2 montecarlo85@gmail.com:redrum420 monky160@gmail.com:monky123 monster.joe.gsxr@gmail.com:evil92834 monya1955@yahoo.com:unicorn1 montycole@comcast.net:p04j2pc2r monty4780@yahoo.com:daisymax monzie@comcast.net:stoptest monkeyblue.e@gmail.com:spiderman monique92@gmail.com:monikki19 monkeygreens18@yahoo.com:jesus2001 monika_pene@hotmail.com:alfred82599 moniqueblack6@gmail.com:trellis713 monkeyca90@gmail.com:fawfoo78 monsonmatt@gmail.com:dietcoke monkeys_momma27@hotmail.com:lovejustin monkey.redmist@gmail.com:serenity moochie556@yahoo.com:Cookiemon1 moonstone6666@msn.com:6666love moony_lupin3@hotmail.com:lupin1984 moonshadow_hope@yahoo.com:nellessen moonvsgoku@gmail.com:stup1d23 mooreblingbling@gmail.com:smile7272 mooreelliott@yahoo.com:andres123 moore.iv.james@gmail.com:turbo123 moorecruella@comcast.net:slimshady moonmully@yahoo.com:winston19 mookissofly07@aim.com:tracey3030 moodymoodyjames@gmail.com:19march75 montyce@gmail.com:nevaeh1607 mookie9920@earthlink.net:1225morton mooneyy558@aim.com:oliverat123 moon.mary@gmail.com:sexykitten moomoochappell@yahoo.com:summer10 moonchilde7@gmail.com:ihateyou7 mona.patino@yahoo.com:accord1986 momtheresa2007@aol.com:summer08 momwenzel@comcast.net:tallyho1 momwifekir@Yahoo.com:romero99 momz3lilangelz@yahoo.com:benavente3 mondragon8510@gmail.com:shadow10 monajean7@gmail.com:jeanne52 momtomythreeboys@yahoo.com:bi05090506 momto3angels5@yahoo.com:babyblue5 momoran@hotmail.com:brendan1 momstaxi64@yahoo.com:storming momorider5@aol.com:caprice1 momsangel77@comcast.net:68366836 momross3@yahoo.com:lizard36 momshearth@gmail.com:silver33 momomk3313@yahoo.com:malissa123 momto3boyz2000@gmail.com:bbybjb1013 monetrodriguez@yahoo.com:fernandez6 monifair@gmail.com:Capone4me monika.ward@gmail.com:sykkylven1 monicaorsua@gmail.com:alyssa2010 monicastier@gmail.com:momo1976 monikatruax@gmail.com:bella2662 monimjk@yahoo.com:pakistani monicaskim@gmail.com:Po0ky908 monikasea77@gmail.com:dominik77 monicamindy@gmail.com:sisco73109 monica5432003@yahoo.com:baddog100 monica.green@csueastbay.edu:greenhouse mongoosecram@comcast.net:signals31 monica.alejo7@gmail.com:tony1203 monicadu@gmail.com:supertones1 monicamarquez4444@gmail.com:estrella209 monicaart3@gmail.com:liliana123 monica.papuga@drake.edu:candy1990 mngreen5@gmail.com:5kidsboys mjshills007@gmail.com:maggie56 mjmoon123@gmail.com:sexy34dd mjhayes75@gmail.com:fuckme69 mjstump@comcast.net:bigdaddy mk.manning@comcast.net:mamasay1 mkabwilliams@gmail.com:Alicia3998 mjurkaites@gmail.com:makidy02 mk-jarvis@hotmail.com:asshole12 mjohnson2138@aol.com:michael6 mjmatoza@hotmail.com:iforgot911 mjoseph89@gmail.com:iamgod89 mjmponton@gmail.com:brybren27 mjod2112@yahoo.com:boxer2112 mjrozell@gmail.com:pinky7874 mjraimo@gmail.com:peckerwood1 mjgaffey4x4@gmail.com:dookie4x4 mjohnson@cloverleaf.com:billy218 mkairhart@aol.com:pistons1 mkimble09@gmail.com:joshua12 mking0301@mscc.edu:marcus06 mkerrihard@cox.net:margie25 mkerklin@gmail.com:gamma0856 mkneeland87@gmail.com:azariah10 mkm4@outreach.psu.edu:fuzzy2323 mkimmons9@gmail.com:bigdaddy1 mkmaloney76@aol.com:7601liam mkhalil0107@gmail.com:carmen97611 mkcalderonfigueroa@yahoo.com:jw235792 mjwiehl@kw.com:5sisters mjspurg329@aol.com:zoemax05 mjudge321@gmail.com:Jessica321 mkenzior@yahoo.com:Fatboy53 mkhan1029@gmail.com:lakers36 mkchappell@comcast.net:william2 mkemry@cox.net:Msusan44 mizz.ladawn86@gmail.com:parris28 mixtigg@yahoo.com:TLG22673 miztinamarie@yahoo.com:Monkey2007 mizdtucker@aol.com:gageat11 mizzoutigerkent@hotmail.com:kcroyals5 mj_ward75@yahoo.com:143jessica mizzbuckentin_15@hotmail.com:stevie13nash mizzicah@comcast.net:ns10stud mizphobia@yahoo.com:okmijn90 mixer75@sbcglobal.net:camera99 miz_vang@hotmail.com:hlubkoj2 mivelasco@cox.net:icecream1 mixy5446@hotmail.com:sept2684 mizlaur@gmail.com:lnshery3 mizmandy213@yahoo.com:rileyd24 mizbenzou@gmail.com:juice7hp mizde5@aol.com:poohbear85 mjackson229@gmail.com:manatee1 mjl119@comcast.net:liam0317 mjlimousine@yahoo.com:1218anni mjfech@gmail.com:freefall mjct1263@gmail.com:joelcarter05 mjmarvelousmike@gmail.com:sweetkelly mjleedle@gmail.com:designer1 mjm028@yahoo.com:ranger2001 mjmca98@gmail.com:123mjmMJM mjessen29@yahoo.com:marionotto05 mjamesthomas1981@gmail.com:1carpenter mjberte@gmail.com:bird27man mizzdee_27@yahoo.com:jaylen28 mjane1960@yahoo.com:michael1 mjdegance@gmail.com:1degance mjbugarin@gmail.com:bribri0696 mjay33333@hotmail.com:Tinyd0gg mjbelfiore360@gmail.com:angell3177 mmejia786@gmail.com:hellomm7 mmcauly@yahoo.com:maggie21 mmdinco@comcast.net:dyllan00 mmeddling@yahoo.com:twilight mmk936@gmail.com:fineascole mmlouper@gmail.com:12345678 mmiller1215@hotmail.com:alexa0713 mmikkelsen@tampabay.rr.com:thurston mmcrae@tennasi.com:Hunter1997 mly209@gmail.com:ilovejlw mmarginet@comcast.net:sassy123 mltibbe@gmail.com:pepsi296 mltucker100@insightbb.com:december mmccassey@gmail.com:mollydog mmangold@olivetcollege.edu:buttons11 mmarcotte19@gmail.com:May311994 mmbrune@bgsu.edu:Run2win! mmmanning28@gmail.com:Germantown90 mmvl30@hotmail.com:yasmary30 mnclarkefamily@gmail.com:marcus2800 mmvarnadoe@gmail.com:Josh0402 mmturleyhome@gmail.com:spalding1 mnemosynemae@gmail.com:bri**any mngse8383@aol.com:alexlov3 mnc1221@yahoo.com:montana12 mnadal2008@hotmail.com:1113120a mmmjsajrf@gmail.com:jamajo222 mmorris595@gmail.com:muds7441 mmisha000@yahoo.com:misha511 mmoore621@gmail.com:100214sax mmorris@comcast.net:trooper1 mmoran_28@hotmail.com:2ez4me28 mmsmith84@gmail.com:broncos7 mmsheffield@comcast.net:Mary0830 mmp390@comcast.net:elaine15 mlarnold95@gmail.com:hafaadai mkrupow@gmail.com:gibson07 mlallyn@yahoo.com:zachery6 mlake15@gmail.com:fpata56m mld0806@sc.rr.com:mikeonly mlbhy@hotmail.com:metallica2 mlcalais12@gmail.com:bailey04 mlcassera@gmail.com:tsstf001161 mlaj214@tx.rr.com:14032000 mkulak@comcast.net:1natalee mkurtzer@gmail.com:john7070 mkauai@comcast.net:hawaii38 mksanderfer@yahoo.com:Celtic51 mksswthrt87@yahoo.com:michael1 mlakey639@gmail.com:prymid12 mkduteau@hotmail.com:mike2slow ml64992@appstate.edu:grpness08 mleatham@gmail.com:22spaces mlqjr93@gmail.com:kocy2y9s mlp31@comcast.net:my3girls mlowe79@gmail.com:william72 mlpoole01@gmail.com:jiggazgi mlsalters77@yahoo.com:mybyrdi06 mlrobins1@comcast.net:331Corian00 mlowry7@gmail.com:cookie123 mlmonson55@gmail.com:vikings1 mlochard70@gmail.com:kmlcrl2747 mlconje@aol.com:marmar323 mlfiester@gmail.com:court@123 mlayser1@comcast.net:muscles1 mlemunyan@gmail.com:nolanr369 mlkm52@gmail.com:marvin19 mletson@comcast.net:jettaglx mlightbourne25@gmail.com:shelby722 mlgsubgunna@yahoo.com:yourmom123
